,Match,Team,Player,Overs,Maiden,Runs,Wickets,Economy,0s,4s,6s,Wide,No ball,Match Id
0,Namibia vs Sri Lanka,Sri Lanka,Maheesh Theekshana,4.0,0.0,23.0,1.0,5.75,7.0,0.0,0.0,2.0,0.0,1298135
1,Namibia vs Sri Lanka,Sri Lanka,Dushmantha Chameera,4.0,0.0,39.0,1.0,9.75,6.0,3.0,1.0,2.0,0.0,1298135
2,Namibia vs Sri Lanka,Sri Lanka,Pramod Madushan,4.0,0.0,37.0,2.0,9.25,6.0,3.0,1.0,0.0,0.0,1298135
3,Namibia vs Sri Lanka,Sri Lanka,Chamika Karunaratne,4.0,0.0,36.0,1.0,9.0,7.0,3.0,1.0,1.0,0.0,1298135
4,Namibia vs Sri Lanka,Sri Lanka,Wanindu Hasaranga de Silva,4.0,0.0,27.0,1.0,6.75,8.0,1.0,1.0,0.0,0.0,1298135
5,Namibia vs Sri Lanka,Namibia,Gerhard Erasmus,1.0,0.0,8.0,0.0,8.0,1.0,1.0,0.0,0.0,0.0,1298135
6,Namibia vs Sri Lanka,Namibia,David Wiese,4.0,0.0,16.0,2.0,4.0,13.0,1.0,0.0,0.0,0.0,1298135
7,Namibia vs Sri Lanka,Namibia,Bernard Scholtz,4.0,0.0,18.0,2.0,4.5,10.0,1.0,0.0,0.0,0.0,1298135
8,Namibia vs Sri Lanka,Namibia,Ben Shikongo,3.0,1.0,22.0,2.0,7.33,6.0,3.0,0.0,0.0,0.0,1298135
9,Namibia vs Sri Lanka,Namibia,JJ Smit,3.0,0.0,16.0,1.0,5.33,7.0,0.0,0.0,1.0,0.0,1298135
10,Namibia vs Sri Lanka,Namibia,Jan Frylinck,4.0,0.0,26.0,2.0,6.5,10.0,0.0,2.0,1.0,0.0,1298135
11,United Arab Emirates vs Netherlands,Netherlands,Fred Klaassen,4.0,0.0,13.0,2.0,3.25,18.0,0.0,0.0,3.0,0.0,1298136
12,United Arab Emirates vs Netherlands,Netherlands,Tim Pringle,4.0,0.0,13.0,1.0,3.25,11.0,0.0,0.0,0.0,0.0,1298136
13,United Arab Emirates vs Netherlands,Netherlands,Logan van Beek,2.0,0.0,19.0,0.0,9.5,5.0,0.0,2.0,1.0,0.0,1298136
14,United Arab Emirates vs Netherlands,Netherlands,Bas de Leede,3.0,0.0,19.0,3.0,6.33,9.0,2.0,0.0,2.0,0.0,1298136
15,United Arab Emirates vs Netherlands,Netherlands,Paul van Meekeren,4.0,0.0,21.0,0.0,5.25,11.0,1.0,0.0,0.0,0.0,1298136
16,United Arab Emirates vs Netherlands,Netherlands,Roelof van der Merwe,3.0,0.0,19.0,1.0,6.33,7.0,0.0,1.0,0.0,0.0,1298136
17,United Arab Emirates vs Netherlands,United Arab Emirates,Junaid Siddique,4.0,0.0,24.0,3.0,6.0,10.0,2.0,0.0,1.0,0.0,1298136
18,United Arab Emirates vs Netherlands,United Arab Emirates,Basil Hameed,1.0,0.0,7.0,1.0,7.0,4.0,0.0,1.0,0.0,0.0,1298136
19,United Arab Emirates vs Netherlands,United Arab Emirates,Aayan Afzal Khan,3.0,0.0,15.0,1.0,5.0,8.0,1.0,0.0,0.0,0.0,1298136
20,United Arab Emirates vs Netherlands,United Arab Emirates,Karthik Meiyappan,4.0,0.0,22.0,1.0,5.5,11.0,2.0,0.0,0.0,0.0,1298136
21,United Arab Emirates vs Netherlands,United Arab Emirates,Zahoor Khan,4.0,0.0,11.0,1.0,2.75,14.0,0.0,0.0,0.0,0.0,1298136
22,United Arab Emirates vs Netherlands,United Arab Emirates,Zawar Farid,2.5,0.0,24.0,0.0,8.47,2.0,2.0,0.0,0.0,0.0,1298136
23,United Arab Emirates vs Netherlands,United Arab Emirates,Kashif Daud,1.0,0.0,5.0,0.0,5.0,1.0,0.0,0.0,0.0,0.0,1298136
24,Scotland vs West Indies,West Indies,Kyle Mayers,2.0,0.0,24.0,0.0,12.0,5.0,5.0,0.0,2.0,0.0,1298137
25,Scotland vs West Indies,West Indies,Akeal Hosein,4.0,0.0,31.0,0.0,7.75,8.0,2.0,1.0,0.0,0.0,1298137
26,Scotland vs West Indies,West Indies,Alzarri Joseph,4.0,0.0,28.0,2.0,7.0,9.0,3.0,0.0,2.0,0.0,1298137
27,Scotland vs West Indies,West Indies,Obed McCoy,3.0,0.0,25.0,0.0,8.33,6.0,4.0,0.0,0.0,0.0,1298137
28,Scotland vs West Indies,West Indies,Jason Holder,3.0,0.0,14.0,2.0,4.66,8.0,1.0,0.0,0.0,0.0,1298137
29,Scotland vs West Indies,West Indies,Odean Smith,4.0,0.0,31.0,1.0,7.75,6.0,3.0,0.0,1.0,0.0,1298137
30,Scotland vs West Indies,Scotland,Mark Watt,4.0,0.0,12.0,3.0,3.0,16.0,1.0,0.0,1.0,0.0,1298137
31,Scotland vs West Indies,Scotland,Brad Wheal,4.0,0.0,32.0,2.0,8.0,10.0,4.0,1.0,0.0,0.0,1298137
32,Scotland vs West Indies,Scotland,Josh Davey,3.0,0.0,34.0,1.0,11.33,8.0,4.0,2.0,1.0,0.0,1298137
33,Scotland vs West Indies,Scotland,Safyaan Sharif,3.3,0.0,23.0,1.0,6.57,7.0,2.0,0.0,2.0,0.0,1298137
34,Scotland vs West Indies,Scotland,Michael Leask,4.0,0.0,15.0,2.0,3.75,11.0,0.0,0.0,1.0,0.0,1298137
35,Zimbabwe vs Ireland,Ireland,Josh Little,4.0,0.0,24.0,3.0,6.0,11.0,3.0,0.0,0.0,0.0,1298138
36,Zimbabwe vs Ireland,Ireland,Mark Adair,4.0,0.0,39.0,2.0,9.75,6.0,3.0,1.0,2.0,0.0,1298138
37,Zimbabwe vs Ireland,Ireland,Barry McCarthy,4.0,0.0,24.0,0.0,6.0,11.0,2.0,0.0,2.0,0.0,1298138
38,Zimbabwe vs Ireland,Ireland,Curtis Campher,3.0,0.0,29.0,0.0,9.66,6.0,2.0,2.0,0.0,0.0,1298138
39,Zimbabwe vs Ireland,Ireland,Simi Singh,3.0,0.0,31.0,2.0,10.33,5.0,2.0,2.0,1.0,0.0,1298138
40,Zimbabwe vs Ireland,Ireland,Gareth Delany,2.0,0.0,21.0,0.0,10.5,4.0,2.0,1.0,1.0,0.0,1298138
41,Zimbabwe vs Ireland,Zimbabwe,Richard Ngarava,4.0,0.0,22.0,2.0,5.5,13.0,3.0,0.0,0.0,0.0,1298138
42,Zimbabwe vs Ireland,Zimbabwe,Tendai Chatara,4.0,0.0,22.0,2.0,5.5,13.0,1.0,1.0,2.0,0.0,1298138
43,Zimbabwe vs Ireland,Zimbabwe,Blessing Muzarabani,4.0,0.0,23.0,3.0,5.75,14.0,0.0,2.0,0.0,1.0,1298138
44,Zimbabwe vs Ireland,Zimbabwe,Luke Jongwe,2.0,0.0,24.0,0.0,12.0,1.0,4.0,0.0,0.0,0.0,1298138
45,Zimbabwe vs Ireland,Zimbabwe,Sean Williams,3.0,0.0,20.0,1.0,6.66,3.0,0.0,0.0,0.0,0.0,1298138
46,Zimbabwe vs Ireland,Zimbabwe,Sikandar Raza,3.0,0.0,22.0,1.0,7.33,8.0,1.0,1.0,1.0,0.0,1298138
47,Namibia vs Netherlands,Netherlands,Fred Klaassen,3.0,0.0,15.0,0.0,5.0,11.0,1.0,0.0,0.0,0.0,1298139
48,Namibia vs Netherlands,Netherlands,Tim Pringle,3.0,0.0,15.0,1.0,5.0,8.0,0.0,0.0,0.0,0.0,1298139
49,Namibia vs Netherlands,Netherlands,Bas de Leede,3.0,0.0,18.0,2.0,6.0,6.0,1.0,0.0,0.0,0.0,1298139
50,Namibia vs Netherlands,Netherlands,Colin Ackermann,3.0,0.0,17.0,1.0,5.66,8.0,2.0,0.0,0.0,0.0,1298139
51,Namibia vs Netherlands,Netherlands,Paul van Meekeren,4.0,0.0,18.0,1.0,4.5,11.0,1.0,0.0,1.0,0.0,1298139
52,Namibia vs Netherlands,Netherlands,Timm van der Gugten,3.0,0.0,29.0,0.0,9.66,4.0,1.0,1.0,2.0,0.0,1298139
53,Namibia vs Netherlands,Netherlands,Roelof van der Merwe,1.0,0.0,6.0,1.0,6.0,1.0,0.0,0.0,1.0,0.0,1298139
54,Namibia vs Netherlands,Namibia,Bernard Scholtz,4.0,0.0,21.0,1.0,5.25,10.0,0.0,1.0,0.0,0.0,1298139
55,Namibia vs Netherlands,Namibia,David Wiese,2.3,0.0,22.0,0.0,8.8,4.0,3.0,0.0,0.0,0.0,1298139
56,Namibia vs Netherlands,Namibia,Gerhard Erasmus,3.0,0.0,13.0,0.0,4.33,8.0,0.0,0.0,1.0,0.0,1298139
57,Namibia vs Netherlands,Namibia,Ben Shikongo,1.0,0.0,18.0,0.0,18.0,1.0,0.0,2.0,1.0,0.0,1298139
58,Namibia vs Netherlands,Namibia,JJ Smit,4.0,0.0,24.0,2.0,6.0,9.0,2.0,0.0,0.0,0.0,1298139
59,Namibia vs Netherlands,Namibia,Jan Frylinck,4.0,1.0,16.0,1.0,4.0,11.0,1.0,0.0,0.0,0.0,1298139
60,Namibia vs Netherlands,Namibia,Jan Nicol Loftie-Eaton,1.0,0.0,8.0,0.0,8.0,2.0,1.0,0.0,0.0,1.0,1298139
61,Sri Lanka vs United Arab Emirates,United Arab Emirates,Junaid Siddique,4.0,0.0,36.0,0.0,9.0,8.0,2.0,1.0,2.0,0.0,1298140
62,Sri Lanka vs United Arab Emirates,United Arab Emirates,Kashif Daud,1.0,0.0,14.0,0.0,14.0,0.0,2.0,0.0,0.0,0.0,1298140
63,Sri Lanka vs United Arab Emirates,United Arab Emirates,Zahoor Khan,4.0,0.0,26.0,2.0,6.5,10.0,3.0,0.0,0.0,0.0,1298140
64,Sri Lanka vs United Arab Emirates,United Arab Emirates,Aayan Afzal Khan,3.0,0.0,16.0,1.0,5.33,7.0,1.0,0.0,0.0,0.0,1298140
65,Sri Lanka vs United Arab Emirates,United Arab Emirates,Aryan Lakra,3.0,0.0,24.0,1.0,8.0,5.0,3.0,0.0,0.0,0.0,1298140
66,Sri Lanka vs United Arab Emirates,United Arab Emirates,Karthik Meiyappan,4.0,0.0,19.0,3.0,4.75,12.0,0.0,1.0,0.0,0.0,1298140
67,Sri Lanka vs United Arab Emirates,United Arab Emirates,Basil Hameed,1.0,0.0,13.0,0.0,13.0,1.0,1.0,1.0,0.0,0.0,1298140
68,Sri Lanka vs United Arab Emirates,Sri Lanka,Pramod Madushan,3.0,0.0,14.0,1.0,4.66,12.0,2.0,0.0,1.0,0.0,1298140
69,Sri Lanka vs United Arab Emirates,Sri Lanka,Maheesh Theekshana,3.1,0.0,15.0,2.0,4.73,10.0,2.0,0.0,0.0,0.0,1298140
70,Sri Lanka vs United Arab Emirates,Sri Lanka,Dushmantha Chameera,3.5,0.0,15.0,3.0,3.91,16.0,0.0,1.0,0.0,0.0,1298140
71,Sri Lanka vs United Arab Emirates,Sri Lanka,Chamika Karunaratne,2.0,0.0,14.0,0.0,7.0,5.0,2.0,0.0,0.0,0.0,1298140
72,Sri Lanka vs United Arab Emirates,Sri Lanka,Wanindu Hasaranga de Silva,4.0,1.0,8.0,3.0,2.0,17.0,0.0,0.0,0.0,0.0,1298140
73,Sri Lanka vs United Arab Emirates,Sri Lanka,Dasun Shanaka,1.1,0.0,7.0,1.0,6.0,3.0,0.0,0.0,1.0,0.0,1298140
74,Scotland vs Ireland,Ireland,Josh Little,4.0,0.0,30.0,1.0,7.5,10.0,2.0,1.0,1.0,0.0,1298141
75,Scotland vs Ireland,Ireland,Mark Adair,4.0,0.0,23.0,1.0,5.75,12.0,2.0,0.0,2.0,0.0,1298141
76,Scotland vs Ireland,Ireland,Barry McCarthy,4.0,0.0,59.0,0.0,14.75,4.0,6.0,3.0,1.0,1.0,1298141
77,Scotland vs Ireland,Ireland,Gareth Delany,3.0,0.0,28.0,0.0,9.33,3.0,2.0,1.0,0.0,0.0,1298141
78,Scotland vs Ireland,Ireland,Simi Singh,2.0,0.0,16.0,0.0,8.0,2.0,2.0,0.0,0.0,0.0,1298141
79,Scotland vs Ireland,Ireland,Curtis Campher,2.0,0.0,9.0,2.0,4.5,7.0,1.0,0.0,0.0,0.0,1298141
80,Scotland vs Ireland,Ireland,George Dockrell,1.0,0.0,9.0,0.0,9.0,1.0,1.0,0.0,0.0,0.0,1298141
81,Scotland vs Ireland,Scotland,Mark Watt,4.0,0.0,39.0,1.0,9.75,10.0,2.0,1.0,2.0,0.0,1298141
82,Scotland vs Ireland,Scotland,Brad Wheal,4.0,0.0,25.0,1.0,6.25,11.0,2.0,1.0,0.0,0.0,1298141
83,Scotland vs Ireland,Scotland,Josh Davey,4.0,0.0,46.0,0.0,11.5,5.0,8.0,0.0,1.0,0.0,1298141
84,Scotland vs Ireland,Scotland,Safyaan Sharif,3.0,0.0,32.0,1.0,10.66,3.0,4.0,0.0,1.0,0.0,1298141
85,Scotland vs Ireland,Scotland,Chris Greaves,2.0,0.0,18.0,0.0,9.0,1.0,0.0,1.0,1.0,0.0,1298141
86,Scotland vs Ireland,Scotland,Michael Leask,2.0,0.0,16.0,1.0,8.0,2.0,1.0,0.0,0.0,0.0,1298141
87,West Indies vs Zimbabwe,Zimbabwe,Richard Ngarava,3.0,0.0,20.0,0.0,6.66,9.0,1.0,1.0,1.0,0.0,1298142
88,West Indies vs Zimbabwe,Zimbabwe,Tendai Chatara,3.0,0.0,22.0,0.0,7.33,5.0,2.0,0.0,2.0,0.0,1298142
89,West Indies vs Zimbabwe,Zimbabwe,Blessing Muzarabani,4.0,0.0,38.0,2.0,9.5,10.0,2.0,2.0,2.0,1.0,1298142
90,West Indies vs Zimbabwe,Zimbabwe,Ryan Burl,3.0,0.0,27.0,0.0,9.0,5.0,3.0,1.0,0.0,0.0,1298142
91,West Indies vs Zimbabwe,Zimbabwe,Sikandar Raza,4.0,0.0,19.0,3.0,4.75,7.0,0.0,0.0,0.0,0.0,1298142
92,West Indies vs Zimbabwe,Zimbabwe,Sean Williams,3.0,0.0,17.0,1.0,5.66,7.0,1.0,0.0,0.0,1.0,1298142
93,West Indies vs Zimbabwe,West Indies,Kyle Mayers,1.0,0.0,17.0,0.0,17.0,3.0,3.0,0.0,1.0,0.0,1298142
94,West Indies vs Zimbabwe,West Indies,Akeal Hosein,4.0,0.0,25.0,1.0,6.25,12.0,1.0,1.0,1.0,1.0,1298142
95,West Indies vs Zimbabwe,West Indies,Alzarri Joseph,4.0,0.0,16.0,4.0,4.0,16.0,1.0,1.0,0.0,0.0,1298142
96,West Indies vs Zimbabwe,West Indies,Obed McCoy,3.0,0.0,19.0,1.0,6.33,9.0,3.0,0.0,0.0,0.0,1298142
97,West Indies vs Zimbabwe,West Indies,Jason Holder,3.2,0.0,12.0,3.0,3.6,12.0,1.0,0.0,0.0,0.0,1298142
98,West Indies vs Zimbabwe,West Indies,Odean Smith,3.0,0.0,31.0,1.0,10.33,8.0,4.0,1.0,1.0,1.0,1298142
99,Sri Lanka vs Netherlands,Netherlands,Fred Klaassen,4.0,0.0,34.0,1.0,8.5,9.0,1.0,2.0,0.0,0.0,1298143
100,Sri Lanka vs Netherlands,Netherlands,Tim Pringle,3.0,0.0,22.0,0.0,7.33,8.0,0.0,2.0,0.0,0.0,1298143
101,Sri Lanka vs Netherlands,Netherlands,Roelof van der Merwe,3.0,0.0,16.0,0.0,5.33,10.0,2.0,0.0,0.0,0.0,1298143
102,Sri Lanka vs Netherlands,Netherlands,Paul van Meekeren,4.0,0.0,25.0,2.0,6.25,11.0,3.0,0.0,1.0,0.0,1298143
103,Sri Lanka vs Netherlands,Netherlands,Bas de Leede,3.0,0.0,31.0,2.0,10.33,5.0,2.0,2.0,0.0,0.0,1298143
104,Sri Lanka vs Netherlands,Netherlands,Timm van der Gugten,3.0,0.0,31.0,1.0,10.33,3.0,2.0,1.0,0.0,0.0,1298143
105,Sri Lanka vs Netherlands,Sri Lanka,Dhananjaya de Silva,1.0,0.0,5.0,0.0,5.0,1.0,0.0,0.0,0.0,0.0,1298143
106,Sri Lanka vs Netherlands,Sri Lanka,Lahiru Kumara,4.0,0.0,28.0,1.0,7.0,14.0,2.0,1.0,1.0,0.0,1298143
107,Sri Lanka vs Netherlands,Sri Lanka,Binura Fernando,4.0,0.0,33.0,1.0,8.25,11.0,4.0,1.0,1.0,0.0,1298143
108,Sri Lanka vs Netherlands,Sri Lanka,Maheesh Theekshana,4.0,0.0,32.0,2.0,8.0,12.0,1.0,2.0,2.0,1.0,1298143
109,Sri Lanka vs Netherlands,Sri Lanka,Wanindu Hasaranga de Silva,4.0,0.0,28.0,3.0,7.0,11.0,3.0,0.0,0.0,0.0,1298143
110,Sri Lanka vs Netherlands,Sri Lanka,Chamika Karunaratne,2.0,0.0,11.0,0.0,5.5,6.0,1.0,0.0,1.0,0.0,1298143
111,Sri Lanka vs Netherlands,Sri Lanka,Dasun Shanaka,1.0,0.0,7.0,0.0,7.0,3.0,1.0,0.0,0.0,0.0,1298143
112,United Arab Emirates vs Namibia,Namibia,Ruben Trumpelmann,4.0,0.0,22.0,0.0,5.5,10.0,0.0,0.0,3.0,0.0,1298144
113,United Arab Emirates vs Namibia,Namibia,David Wiese,4.0,0.0,27.0,1.0,6.75,12.0,2.0,1.0,1.0,0.0,1298144
114,United Arab Emirates vs Namibia,Namibia,Bernard Scholtz,4.0,0.0,22.0,1.0,5.5,11.0,1.0,1.0,0.0,0.0,1298144
115,United Arab Emirates vs Namibia,Namibia,JJ Smit,4.0,0.0,39.0,0.0,9.75,11.0,2.0,3.0,0.0,0.0,1298144
116,United Arab Emirates vs Namibia,Namibia,Jan Frylinck,3.0,0.0,30.0,0.0,10.0,3.0,2.0,1.0,1.0,0.0,1298144
117,United Arab Emirates vs Namibia,Namibia,Ben Shikongo,1.0,0.0,8.0,1.0,8.0,1.0,1.0,0.0,0.0,0.0,1298144
118,United Arab Emirates vs Namibia,United Arab Emirates,Basil Hameed,3.0,0.0,17.0,2.0,5.66,10.0,2.0,0.0,0.0,0.0,1298144
119,United Arab Emirates vs Namibia,United Arab Emirates,Junaid Siddique,4.0,0.0,35.0,1.0,8.75,8.0,3.0,1.0,2.0,0.0,1298144
120,United Arab Emirates vs Namibia,United Arab Emirates,Zahoor Khan,4.0,0.0,20.0,2.0,5.0,15.0,1.0,0.0,2.0,2.0,1298144
121,United Arab Emirates vs Namibia,United Arab Emirates,Ahmed Raza,1.0,0.0,9.0,0.0,9.0,1.0,1.0,0.0,0.0,0.0,1298144
122,United Arab Emirates vs Namibia,United Arab Emirates,Karthik Meiyappan,4.0,0.0,34.0,1.0,8.5,8.0,2.0,2.0,0.0,0.0,1298144
123,United Arab Emirates vs Namibia,United Arab Emirates,Aayan Afzal Khan,2.0,0.0,7.0,0.0,3.5,5.0,0.0,0.0,0.0,0.0,1298144
124,United Arab Emirates vs Namibia,United Arab Emirates,Muhammad Waseem,2.0,0.0,16.0,1.0,8.0,3.0,0.0,1.0,0.0,0.0,1298144
125,West Indies vs Ireland,Ireland,Josh Little,4.0,0.0,31.0,0.0,7.75,8.0,1.0,2.0,1.0,0.0,1298145
126,West Indies vs Ireland,Ireland,Mark Adair,4.0,0.0,26.0,0.0,6.5,12.0,1.0,1.0,4.0,0.0,1298145
127,West Indies vs Ireland,Ireland,Barry McCarthy,4.0,0.0,33.0,1.0,8.25,9.0,3.0,1.0,1.0,0.0,1298145
128,West Indies vs Ireland,Ireland,Curtis Campher,2.0,0.0,28.0,0.0,14.0,2.0,4.0,1.0,0.0,0.0,1298145
129,West Indies vs Ireland,Ireland,Simi Singh,2.0,0.0,11.0,1.0,5.5,4.0,1.0,0.0,0.0,0.0,1298145
130,West Indies vs Ireland,Ireland,Gareth Delany,4.0,0.0,16.0,3.0,4.0,12.0,1.0,0.0,1.0,0.0,1298145
131,West Indies vs Ireland,West Indies,Obed McCoy,3.3,0.0,27.0,0.0,7.71,11.0,2.0,2.0,0.0,0.0,1298145
132,West Indies vs Ireland,West Indies,Akeal Hosein,4.0,0.0,38.0,1.0,9.5,5.0,2.0,2.0,0.0,0.0,1298145
133,West Indies vs Ireland,West Indies,Alzarri Joseph,4.0,0.0,39.0,0.0,9.75,9.0,3.0,2.0,1.0,0.0,1298145
134,West Indies vs Ireland,West Indies,Odean Smith,2.0,0.0,23.0,0.0,11.5,4.0,3.0,1.0,0.0,1.0,1298145
135,West Indies vs Ireland,West Indies,Jason Holder,4.0,0.0,23.0,0.0,5.75,7.0,1.0,0.0,0.0,0.0,1298145
136,Scotland vs Zimbabwe,Zimbabwe,Tendai Chatara,4.0,1.0,14.0,2.0,3.5,14.0,1.0,0.0,0.0,0.0,1298146
137,Scotland vs Zimbabwe,Zimbabwe,Richard Ngarava,4.0,0.0,28.0,2.0,7.0,12.0,4.0,0.0,1.0,1.0,1298146
138,Scotland vs Zimbabwe,Zimbabwe,Blessing Muzarabani,4.0,0.0,34.0,1.0,8.5,9.0,5.0,0.0,0.0,2.0,1298146
139,Scotland vs Zimbabwe,Zimbabwe,Sean Williams,3.0,0.0,19.0,0.0,6.33,4.0,1.0,0.0,0.0,0.0,1298146
140,Scotland vs Zimbabwe,Zimbabwe,Sikandar Raza,4.0,0.0,20.0,1.0,5.0,10.0,0.0,0.0,2.0,0.0,1298146
141,Scotland vs Zimbabwe,Zimbabwe,Wessly Madhevere,1.0,0.0,7.0,0.0,7.0,1.0,0.0,0.0,0.0,0.0,1298146
142,Scotland vs Zimbabwe,Scotland,Brad Wheal,4.0,0.0,26.0,1.0,6.5,12.0,4.0,0.0,0.0,0.0,1298146
143,Scotland vs Zimbabwe,Scotland,Josh Davey,3.0,0.0,16.0,2.0,5.33,8.0,1.0,0.0,0.0,1.0,1298146
144,Scotland vs Zimbabwe,Scotland,Safyaan Sharif,2.3,0.0,23.0,0.0,9.2,4.0,3.0,0.0,0.0,1.0,1298146
145,Scotland vs Zimbabwe,Scotland,Mark Watt,4.0,0.0,19.0,1.0,4.75,9.0,1.0,0.0,0.0,0.0,1298146
146,Scotland vs Zimbabwe,Scotland,Michael Leask,4.0,0.0,36.0,1.0,9.0,4.0,2.0,1.0,0.0,0.0,1298146
147,Scotland vs Zimbabwe,Scotland,Calum MacLeod,1.0,0.0,11.0,0.0,11.0,0.0,0.0,1.0,0.0,0.0,1298146
148,New Zealand vs Australia,Australia,Mitchell Starc,4.0,0.0,36.0,0.0,9.0,5.0,3.0,1.0,0.0,0.0,1298147
149,New Zealand vs Australia,Australia,Josh Hazlewood,4.0,0.0,41.0,2.0,10.25,8.0,5.0,1.0,1.0,0.0,1298147
150,New Zealand vs Australia,Australia,Pat Cummins,4.0,0.0,46.0,0.0,11.5,8.0,4.0,2.0,2.0,0.0,1298147
151,New Zealand vs Australia,Australia,Marcus Stoinis,4.0,0.0,38.0,0.0,9.5,3.0,1.0,2.0,1.0,0.0,1298147
152,New Zealand vs Australia,Australia,Adam Zampa,4.0,0.0,39.0,1.0,9.75,4.0,2.0,2.0,1.0,0.0,1298147
153,New Zealand vs Australia,New Zealand,Trent Boult,4.0,0.0,24.0,2.0,6.0,13.0,2.0,1.0,1.0,0.0,1298147
154,New Zealand vs Australia,New Zealand,Tim Southee,2.1,0.0,6.0,3.0,2.76,10.0,1.0,0.0,0.0,0.0,1298147
155,New Zealand vs Australia,New Zealand,Mitchell Santner,4.0,0.0,31.0,3.0,7.75,10.0,2.0,2.0,0.0,0.0,1298147
156,New Zealand vs Australia,New Zealand,Lockie Ferguson,3.0,0.0,20.0,1.0,6.66,9.0,2.0,1.0,0.0,0.0,1298147
157,New Zealand vs Australia,New Zealand,Ish Sodhi,4.0,0.0,29.0,1.0,7.25,8.0,2.0,1.0,1.0,0.0,1298147
158,Afghanistan vs England,England,Ben Stokes,4.0,0.0,19.0,2.0,4.75,14.0,2.0,0.0,1.0,0.0,1298148
159,Afghanistan vs England,England,Chris Woakes,4.0,0.0,24.0,1.0,6.0,15.0,2.0,1.0,1.0,0.0,1298148
160,Afghanistan vs England,England,Mark Wood,4.0,0.0,23.0,2.0,5.75,14.0,2.0,1.0,0.0,0.0,1298148
161,Afghanistan vs England,England,Sam Curran,3.4,0.0,10.0,5.0,2.72,16.0,1.0,0.0,1.0,0.0,1298148
162,Afghanistan vs England,England,Adil Rashid,4.0,0.0,32.0,0.0,8.0,4.0,1.0,1.0,0.0,0.0,1298148
163,Afghanistan vs England,Afghanistan,Fazalhaq Farooqi,4.0,0.0,24.0,1.0,6.0,15.0,2.0,1.0,3.0,0.0,1298148
164,Afghanistan vs England,Afghanistan,Azmatullah Omarzai,1.1,0.0,11.0,0.0,9.42,2.0,1.0,0.0,3.0,0.0,1298148
165,Afghanistan vs England,Afghanistan,Mujeeb Ur Rahman,4.0,0.0,22.0,1.0,5.5,10.0,1.0,0.0,0.0,0.0,1298148
166,Afghanistan vs England,Afghanistan,Rashid Khan,4.0,0.0,17.0,1.0,4.25,10.0,0.0,0.0,0.0,0.0,1298148
167,Afghanistan vs England,Afghanistan,Fareed Ahmad,2.0,0.0,23.0,1.0,11.5,2.0,2.0,0.0,1.0,0.0,1298148
168,Afghanistan vs England,Afghanistan,Mohammad Nabi,3.0,0.0,16.0,1.0,5.33,6.0,0.0,0.0,0.0,0.0,1298148
169,Ireland vs Sri Lanka,Sri Lanka,Binura Fernando,4.0,0.0,27.0,1.0,6.75,10.0,3.0,0.0,1.0,0.0,1298149
170,Ireland vs Sri Lanka,Sri Lanka,Lahiru Kumara,2.0,0.0,12.0,1.0,6.0,6.0,2.0,0.0,0.0,0.0,1298149
171,Ireland vs Sri Lanka,Sri Lanka,Maheesh Theekshana,4.0,0.0,19.0,2.0,4.75,8.0,1.0,0.0,0.0,0.0,1298149
172,Ireland vs Sri Lanka,Sri Lanka,Chamika Karunaratne,4.0,0.0,29.0,1.0,7.25,7.0,2.0,1.0,0.0,0.0,1298149
173,Ireland vs Sri Lanka,Sri Lanka,Wanindu Hasaranga de Silva,4.0,0.0,25.0,2.0,6.25,6.0,0.0,1.0,0.0,0.0,1298149
174,Ireland vs Sri Lanka,Sri Lanka,Dhananjaya de Silva,2.0,0.0,13.0,1.0,6.5,3.0,1.0,0.0,0.0,0.0,1298149
175,Ireland vs Sri Lanka,Ireland,Josh Little,4.0,0.0,45.0,0.0,11.25,5.0,4.0,1.0,1.0,0.0,1298149
176,Ireland vs Sri Lanka,Ireland,Mark Adair,2.0,0.0,16.0,0.0,8.0,2.0,1.0,0.0,0.0,0.0,1298149
177,Ireland vs Sri Lanka,Ireland,Barry McCarthy,2.0,0.0,16.0,0.0,8.0,4.0,0.0,1.0,0.0,0.0,1298149
178,Ireland vs Sri Lanka,Ireland,Gareth Delany,4.0,0.0,28.0,1.0,7.0,8.0,3.0,0.0,2.0,0.0,1298149
179,Ireland vs Sri Lanka,Ireland,Curtis Campher,1.0,0.0,8.0,0.0,8.0,2.0,1.0,0.0,0.0,0.0,1298149
180,Ireland vs Sri Lanka,Ireland,Simi Singh,2.0,0.0,20.0,0.0,10.0,3.0,0.0,2.0,0.0,0.0,1298149
181,Pakistan vs India,India,Bhuvneshwar Kumar,4.0,0.0,22.0,1.0,5.5,17.0,1.0,1.0,3.0,0.0,1298150
182,Pakistan vs India,India,Arshdeep Singh,4.0,0.0,32.0,3.0,8.0,10.0,3.0,1.0,1.0,0.0,1298150
183,Pakistan vs India,India,Mohammed Shami,4.0,0.0,25.0,1.0,6.25,14.0,4.0,0.0,1.0,0.0,1298150
184,Pakistan vs India,India,Hardik Pandya,4.0,0.0,30.0,3.0,7.5,10.0,4.0,0.0,0.0,0.0,1298150
185,Pakistan vs India,India,Ravichandran Ashwin,3.0,0.0,23.0,0.0,7.66,5.0,0.0,1.0,1.0,0.0,1298150
186,Pakistan vs India,India,Axar Patel,1.0,0.0,21.0,0.0,21.0,2.0,0.0,3.0,0.0,0.0,1298150
187,Pakistan vs India,Pakistan,Shaheen Shah Afridi,4.0,0.0,34.0,0.0,8.5,7.0,4.0,0.0,1.0,0.0,1298150
188,Pakistan vs India,Pakistan,Naseem Shah,4.0,0.0,23.0,1.0,5.75,10.0,1.0,0.0,0.0,0.0,1298150
189,Pakistan vs India,Pakistan,Haris Rauf,4.0,0.0,36.0,2.0,9.0,11.0,2.0,2.0,1.0,0.0,1298150
190,Pakistan vs India,Pakistan,Shadab Khan,4.0,0.0,21.0,0.0,5.25,10.0,2.0,0.0,0.0,0.0,1298150
191,Pakistan vs India,Pakistan,Mohammad Nawaz,4.0,0.0,42.0,2.0,10.5,8.0,0.0,4.0,2.0,1.0,1298150
192,Bangladesh vs Netherlands,Netherlands,Fred Klaassen,4.0,0.0,33.0,1.0,8.25,10.0,5.0,0.0,3.0,0.0,1298151
193,Bangladesh vs Netherlands,Netherlands,Colin Ackermann,1.0,0.0,4.0,0.0,4.0,2.0,0.0,0.0,0.0,0.0,1298151
194,Bangladesh vs Netherlands,Netherlands,Paul van Meekeren,4.0,0.0,21.0,2.0,5.25,10.0,1.0,0.0,0.0,0.0,1298151
195,Bangladesh vs Netherlands,Netherlands,Bas de Leede,3.0,0.0,29.0,2.0,9.66,9.0,3.0,1.0,3.0,0.0,1298151
196,Bangladesh vs Netherlands,Netherlands,Tim Pringle,2.0,0.0,10.0,1.0,5.0,4.0,0.0,0.0,0.0,0.0,1298151
197,Bangladesh vs Netherlands,Netherlands,Shariz Ahmad,3.0,0.0,27.0,1.0,9.0,5.0,1.0,2.0,0.0,0.0,1298151
198,Bangladesh vs Netherlands,Netherlands,Logan van Beek,3.0,0.0,12.0,1.0,4.0,7.0,0.0,0.0,1.0,0.0,1298151
199,Bangladesh vs Netherlands,Bangladesh,Taskin Ahmed,4.0,0.0,25.0,4.0,6.25,16.0,5.0,0.0,0.0,0.0,1298151
200,Bangladesh vs Netherlands,Bangladesh,Hasan Mahmud,4.0,1.0,15.0,2.0,3.75,16.0,2.0,0.0,0.0,0.0,1298151
201,Bangladesh vs Netherlands,Bangladesh,Shakib Al Hasan,4.0,0.0,32.0,1.0,8.0,6.0,0.0,2.0,1.0,0.0,1298151
202,Bangladesh vs Netherlands,Bangladesh,Mustafizur Rahman,4.0,0.0,20.0,0.0,5.0,14.0,2.0,0.0,2.0,0.0,1298151
203,Bangladesh vs Netherlands,Bangladesh,Soumya Sarkar,3.0,0.0,29.0,1.0,9.66,5.0,2.0,1.0,1.0,0.0,1298151
204,Bangladesh vs Netherlands,Bangladesh,Mosaddek Hossain,1.0,0.0,14.0,0.0,14.0,0.0,0.0,1.0,0.0,1.0,1298151
205,Zimbabwe vs South Africa,South Africa,Kagiso Rabada,2.0,0.0,20.0,0.0,10.0,4.0,2.0,1.0,0.0,0.0,1298152
206,Zimbabwe vs South Africa,South Africa,Wayne Parnell,2.0,0.0,6.0,1.0,3.0,9.0,1.0,0.0,0.0,0.0,1298152
207,Zimbabwe vs South Africa,South Africa,Lungi Ngidi,2.0,0.0,20.0,2.0,10.0,6.0,2.0,1.0,2.0,0.0,1298152
208,Zimbabwe vs South Africa,South Africa,Keshav Maharaj,1.0,0.0,10.0,0.0,10.0,1.0,1.0,0.0,0.0,0.0,1298152
209,Zimbabwe vs South Africa,South Africa,Anrich Nortje,2.0,0.0,10.0,1.0,5.0,5.0,0.0,0.0,0.0,0.0,1298152
210,Zimbabwe vs South Africa,Zimbabwe,Tendai Chatara,1.0,0.0,23.0,0.0,23.0,0.0,4.0,1.0,0.0,0.0,1298152
211,Zimbabwe vs South Africa,Zimbabwe,Richard Ngarava,1.0,0.0,17.0,0.0,17.0,2.0,4.0,0.0,0.0,1.0,1298152
212,Zimbabwe vs South Africa,Zimbabwe,Sikandar Raza,1.0,0.0,11.0,0.0,11.0,1.0,0.0,0.0,0.0,1.0,1298152
213,Sri Lanka vs Australia,Australia,Josh Hazlewood,4.0,0.0,26.0,1.0,6.5,13.0,3.0,0.0,3.0,0.0,1298153
214,Sri Lanka vs Australia,Australia,Pat Cummins,4.0,0.0,36.0,1.0,9.0,12.0,5.0,1.0,2.0,0.0,1298153
215,Sri Lanka vs Australia,Australia,Mitchell Starc,4.0,0.0,23.0,1.0,5.75,13.0,1.0,0.0,1.0,0.0,1298153
216,Sri Lanka vs Australia,Australia,Ashton Agar,4.0,0.0,25.0,1.0,6.25,8.0,1.0,0.0,1.0,0.0,1298153
217,Sri Lanka vs Australia,Australia,Marcus Stoinis,2.0,0.0,17.0,0.0,8.5,1.0,1.0,0.0,1.0,0.0,1298153
218,Sri Lanka vs Australia,Australia,Mitchell Marsh,1.0,0.0,14.0,0.0,14.0,1.0,1.0,1.0,0.0,0.0,1298153
219,Sri Lanka vs Australia,Australia,Glenn Maxwell,1.0,0.0,5.0,1.0,5.0,2.0,0.0,0.0,0.0,0.0,1298153
220,Sri Lanka vs Australia,Sri Lanka,Binura Fernando,0.5,0.0,5.0,0.0,6.0,2.0,0.0,0.0,0.0,0.0,1298153
221,Sri Lanka vs Australia,Sri Lanka,Dhananjaya de Silva,2.1,0.0,18.0,1.0,8.3,4.0,1.0,1.0,0.0,0.0,1298153
222,Sri Lanka vs Australia,Sri Lanka,Lahiru Kumara,3.3,0.0,22.0,0.0,6.28,15.0,0.0,1.0,3.0,0.0,1298153
223,Sri Lanka vs Australia,Sri Lanka,Chamika Karunaratne,3.0,0.0,20.0,1.0,6.66,6.0,1.0,0.0,1.0,0.0,1298153
224,Sri Lanka vs Australia,Sri Lanka,Maheesh Theekshana,3.0,0.0,23.0,1.0,7.66,11.0,0.0,3.0,1.0,0.0,1298153
225,Sri Lanka vs Australia,Sri Lanka,Wanindu Hasaranga de Silva,3.0,0.0,53.0,0.0,17.66,0.0,3.0,5.0,0.0,0.0,1298153
226,Sri Lanka vs Australia,Sri Lanka,Dasun Shanaka,1.0,0.0,10.0,0.0,10.0,2.0,2.0,0.0,0.0,0.0,1298153
227,Ireland vs England,England,Ben Stokes,2.2,0.0,8.0,1.0,3.42,7.0,0.0,0.0,0.0,0.0,1298154
228,Ireland vs England,England,Chris Woakes,3.0,0.0,41.0,0.0,13.66,4.0,6.0,1.0,2.0,0.0,1298154
229,Ireland vs England,England,Mark Wood,4.0,0.0,34.0,3.0,8.5,13.0,4.0,1.0,2.0,0.0,1298154
230,Ireland vs England,England,Sam Curran,3.0,0.0,31.0,2.0,10.33,7.0,1.0,2.0,0.0,0.0,1298154
231,Ireland vs England,England,Adil Rashid,4.0,0.0,24.0,0.0,6.0,6.0,1.0,0.0,0.0,0.0,1298154
232,Ireland vs England,England,Liam Livingstone,3.0,0.0,17.0,3.0,5.66,5.0,1.0,0.0,0.0,0.0,1298154
233,Ireland vs England,Ireland,Josh Little,3.0,0.0,16.0,2.0,5.33,11.0,2.0,0.0,2.0,0.0,1298154
234,Ireland vs England,Ireland,Mark Adair,2.0,0.0,10.0,0.0,5.0,5.0,0.0,0.0,0.0,0.0,1298154
235,Ireland vs England,Ireland,Barry McCarthy,3.0,0.0,20.0,1.0,6.66,7.0,1.0,0.0,3.0,0.0,1298154
236,Ireland vs England,Ireland,Fionn Hand,2.0,0.0,17.0,1.0,8.5,6.0,1.0,0.0,4.0,0.0,1298154
237,Ireland vs England,Ireland,Gareth Delany,3.3,0.0,33.0,0.0,9.42,5.0,3.0,1.0,1.0,0.0,1298154
238,Ireland vs England,Ireland,George Dockrell,1.0,0.0,5.0,1.0,5.0,2.0,0.0,0.0,0.0,0.0,1298154
239,South Africa vs Bangladesh,Bangladesh,Taskin Ahmed,3.0,0.0,46.0,1.0,15.33,7.0,6.0,2.0,0.0,3.0,1298156
240,South Africa vs Bangladesh,Bangladesh,Mehidy Hasan Miraz,3.0,0.0,32.0,0.0,10.66,4.0,2.0,2.0,0.0,0.0,1298156
241,South Africa vs Bangladesh,Bangladesh,Hasan Mahmud,4.0,0.0,36.0,1.0,9.0,11.0,3.0,2.0,2.0,0.0,1298156
242,South Africa vs Bangladesh,Bangladesh,Mustafizur Rahman,4.0,0.0,25.0,0.0,6.25,7.0,1.0,1.0,0.0,0.0,1298156
243,South Africa vs Bangladesh,Bangladesh,Mosaddek Hossain,2.0,0.0,16.0,0.0,8.0,5.0,1.0,1.0,0.0,0.0,1298156
244,South Africa vs Bangladesh,Bangladesh,Shakib Al Hasan,3.0,0.0,33.0,2.0,11.0,7.0,1.0,3.0,0.0,1.0,1298156
245,South Africa vs Bangladesh,Bangladesh,Afif Hossain,1.0,0.0,11.0,1.0,11.0,1.0,2.0,0.0,0.0,0.0,1298156
246,South Africa vs Bangladesh,South Africa,Kagiso Rabada,3.0,0.0,24.0,1.0,8.0,8.0,1.0,2.0,1.0,0.0,1298156
247,South Africa vs Bangladesh,South Africa,Wayne Parnell,2.0,0.0,18.0,0.0,9.0,3.0,0.0,1.0,1.0,0.0,1298156
248,South Africa vs Bangladesh,South Africa,Anrich Nortje,3.3,0.0,10.0,4.0,2.85,16.0,1.0,0.0,0.0,0.0,1298156
249,South Africa vs Bangladesh,South Africa,Keshav Maharaj,4.0,0.0,24.0,1.0,6.0,6.0,1.0,0.0,0.0,0.0,1298156
250,South Africa vs Bangladesh,South Africa,Tabraiz Shamsi,4.0,0.0,20.0,3.0,5.0,12.0,0.0,1.0,2.0,0.0,1298156
251,India vs Netherlands,Netherlands,Fred Klaassen,4.0,0.0,33.0,1.0,8.25,9.0,2.0,1.0,2.0,0.0,1298157
252,India vs Netherlands,Netherlands,Tim Pringle,4.0,0.0,30.0,0.0,7.5,6.0,3.0,0.0,0.0,0.0,1298157
253,India vs Netherlands,Netherlands,Paul van Meekeren,4.0,0.0,32.0,1.0,8.0,9.0,3.0,1.0,0.0,0.0,1298157
254,India vs Netherlands,Netherlands,Bas de Leede,3.0,0.0,33.0,0.0,11.0,6.0,5.0,1.0,1.0,0.0,1298157
255,India vs Netherlands,Netherlands,Logan van Beek,4.0,0.0,45.0,0.0,11.25,3.0,2.0,3.0,0.0,0.0,1298157
256,India vs Netherlands,Netherlands,Shariz Ahmad,1.0,0.0,5.0,0.0,5.0,2.0,0.0,0.0,0.0,0.0,1298157
257,India vs Netherlands,India,Bhuvneshwar Kumar,3.0,2.0,9.0,2.0,3.0,14.0,1.0,0.0,0.0,0.0,1298157
258,India vs Netherlands,India,Arshdeep Singh,4.0,0.0,37.0,2.0,9.25,9.0,6.0,0.0,1.0,1.0,1298157
259,India vs Netherlands,India,Mohammed Shami,4.0,0.0,27.0,1.0,6.75,10.0,2.0,0.0,0.0,0.0,1298157
260,India vs Netherlands,India,Axar Patel,4.0,0.0,18.0,2.0,4.5,11.0,0.0,0.0,0.0,0.0,1298157
261,India vs Netherlands,India,Hardik Pandya,1.0,0.0,9.0,0.0,9.0,1.0,0.0,0.0,1.0,0.0,1298157
262,India vs Netherlands,India,Ravichandran Ashwin,4.0,0.0,21.0,2.0,5.25,13.0,1.0,1.0,1.0,0.0,1298157
263,Zimbabwe vs Pakistan,Pakistan,Shaheen Shah Afridi,4.0,0.0,29.0,0.0,7.25,9.0,3.0,0.0,0.0,0.0,1298158
264,Zimbabwe vs Pakistan,Pakistan,Naseem Shah,4.0,0.0,34.0,0.0,8.5,7.0,4.0,0.0,2.0,0.0,1298158
265,Zimbabwe vs Pakistan,Pakistan,Mohammad Wasim,4.0,0.0,24.0,4.0,6.0,16.0,2.0,1.0,4.0,0.0,1298158
266,Zimbabwe vs Pakistan,Pakistan,Haris Rauf,4.0,1.0,12.0,1.0,3.0,15.0,0.0,0.0,0.0,0.0,1298158
267,Zimbabwe vs Pakistan,Pakistan,Shadab Khan,4.0,0.0,23.0,3.0,5.75,8.0,1.0,0.0,0.0,0.0,1298158
268,Zimbabwe vs Pakistan,Zimbabwe,Richard Ngarava,4.0,0.0,24.0,0.0,6.0,15.0,2.0,1.0,2.0,0.0,1298158
269,Zimbabwe vs Pakistan,Zimbabwe,Blessing Muzarabani,4.0,0.0,18.0,1.0,4.5,11.0,1.0,0.0,0.0,0.0,1298158
270,Zimbabwe vs Pakistan,Zimbabwe,Brad Evans,4.0,0.0,25.0,2.0,6.25,12.0,2.0,1.0,0.0,0.0,1298158
271,Zimbabwe vs Pakistan,Zimbabwe,Sikandar Raza,4.0,0.0,25.0,3.0,6.25,13.0,2.0,1.0,2.0,0.0,1298158
272,Zimbabwe vs Pakistan,Zimbabwe,Luke Jongwe,1.0,0.0,10.0,1.0,10.0,2.0,2.0,0.0,0.0,0.0,1298158
273,Zimbabwe vs Pakistan,Zimbabwe,Sean Williams,2.0,0.0,15.0,0.0,7.5,1.0,0.0,0.0,1.0,0.0,1298158
274,Zimbabwe vs Pakistan,Zimbabwe,Ryan Burl,1.0,0.0,7.0,0.0,7.0,0.0,0.0,0.0,0.0,0.0,1298158
275,New Zealand vs Sri Lanka,Sri Lanka,Maheesh Theekshana,4.0,0.0,35.0,1.0,8.75,7.0,2.0,2.0,1.0,0.0,1298161
276,New Zealand vs Sri Lanka,Sri Lanka,Kasun Rajitha,4.0,0.0,23.0,2.0,5.75,16.0,3.0,0.0,1.0,2.0,1298161
277,New Zealand vs Sri Lanka,Sri Lanka,Dhananjaya de Silva,2.0,0.0,14.0,1.0,7.0,4.0,1.0,0.0,0.0,0.0,1298161
278,New Zealand vs Sri Lanka,Sri Lanka,Wanindu Hasaranga de Silva,4.0,0.0,22.0,1.0,5.5,9.0,1.0,0.0,0.0,0.0,1298161
279,New Zealand vs Sri Lanka,Sri Lanka,Lahiru Kumara,3.0,0.0,37.0,1.0,12.33,2.0,2.0,2.0,2.0,1.0,1298161
280,New Zealand vs Sri Lanka,Sri Lanka,Chamika Karunaratne,3.0,0.0,34.0,0.0,11.33,5.0,3.0,1.0,1.0,0.0,1298161
281,New Zealand vs Sri Lanka,New Zealand,Tim Southee,4.0,1.0,12.0,1.0,3.0,18.0,0.0,1.0,1.0,0.0,1298161
282,New Zealand vs Sri Lanka,New Zealand,Trent Boult,4.0,0.0,13.0,4.0,3.25,18.0,1.0,0.0,1.0,0.0,1298161
283,New Zealand vs Sri Lanka,New Zealand,Lockie Ferguson,4.0,0.0,35.0,1.0,8.75,11.0,4.0,1.0,3.0,0.0,1298161
284,New Zealand vs Sri Lanka,New Zealand,Mitchell Santner,4.0,0.0,21.0,2.0,5.25,13.0,3.0,0.0,0.0,0.0,1298161
285,New Zealand vs Sri Lanka,New Zealand,Ish Sodhi,3.2,0.0,21.0,2.0,6.3,11.0,2.0,1.0,1.0,0.0,1298161
286,Bangladesh vs Zimbabwe,Zimbabwe,Richard Ngarava,4.0,0.0,24.0,2.0,6.0,11.0,2.0,0.0,2.0,0.0,1298162
287,Bangladesh vs Zimbabwe,Zimbabwe,Blessing Muzarabani,2.0,0.0,13.0,2.0,6.5,8.0,3.0,0.0,0.0,0.0,1298162
288,Bangladesh vs Zimbabwe,Zimbabwe,Tendai Chatara,3.0,0.0,18.0,0.0,6.0,7.0,1.0,0.0,0.0,0.0,1298162
289,Bangladesh vs Zimbabwe,Zimbabwe,Sikandar Raza,4.0,0.0,35.0,1.0,8.75,2.0,2.0,1.0,0.0,0.0,1298162
290,Bangladesh vs Zimbabwe,Zimbabwe,Brad Evans,3.0,0.0,32.0,0.0,10.66,2.0,3.0,1.0,1.0,0.0,1298162
291,Bangladesh vs Zimbabwe,Zimbabwe,Wessly Madhevere,2.0,0.0,18.0,0.0,9.0,0.0,1.0,0.0,0.0,0.0,1298162
292,Bangladesh vs Zimbabwe,Zimbabwe,Sean Williams,2.0,0.0,10.0,1.0,5.0,4.0,0.0,0.0,1.0,0.0,1298162
293,Bangladesh vs Zimbabwe,Bangladesh,Taskin Ahmed,4.0,1.0,19.0,3.0,4.75,15.0,3.0,0.0,0.0,0.0,1298162
294,Bangladesh vs Zimbabwe,Bangladesh,Hasan Mahmud,4.0,0.0,36.0,0.0,9.0,8.0,5.0,0.0,3.0,0.0,1298162
295,Bangladesh vs Zimbabwe,Bangladesh,Mosaddek Hossain,4.0,0.0,34.0,2.0,8.5,11.0,3.0,2.0,0.0,1.0,1298162
296,Bangladesh vs Zimbabwe,Bangladesh,Mustafizur Rahman,4.0,0.0,15.0,2.0,3.75,11.0,0.0,0.0,0.0,0.0,1298162
297,Bangladesh vs Zimbabwe,Bangladesh,Shakib Al Hasan,4.0,0.0,34.0,0.0,8.5,5.0,3.0,0.0,0.0,0.0,1298162
298,Netherlands vs Pakistan,Pakistan,Shaheen Shah Afridi,4.0,0.0,19.0,1.0,4.75,13.0,1.0,0.0,1.0,0.0,1298163
299,Netherlands vs Pakistan,Pakistan,Naseem Shah,4.0,0.0,11.0,1.0,2.75,15.0,0.0,0.0,0.0,0.0,1298163
300,Netherlands vs Pakistan,Pakistan,Mohammad Wasim,3.0,0.0,15.0,2.0,5.0,10.0,1.0,0.0,1.0,0.0,1298163
301,Netherlands vs Pakistan,Pakistan,Haris Rauf,3.0,0.0,10.0,1.0,3.33,11.0,1.0,0.0,0.0,0.0,1298163
302,Netherlands vs Pakistan,Pakistan,Shadab Khan,4.0,0.0,22.0,3.0,5.5,11.0,2.0,0.0,0.0,0.0,1298163
303,Netherlands vs Pakistan,Pakistan,Mohammad Nawaz,2.0,0.0,11.0,0.0,5.5,3.0,0.0,0.0,0.0,0.0,1298163
304,Netherlands vs Pakistan,Netherlands,Fred Klaassen,3.0,0.0,26.0,0.0,8.66,4.0,3.0,0.0,0.0,0.0,1298163
305,Netherlands vs Pakistan,Netherlands,Paul van Meekeren,4.0,0.0,19.0,1.0,4.75,15.0,2.0,0.0,0.0,0.0,1298163
306,Netherlands vs Pakistan,Netherlands,Brandon Glover,2.5,0.0,22.0,2.0,7.76,9.0,3.0,0.0,0.0,0.0,1298163
307,Netherlands vs Pakistan,Netherlands,Tim Pringle,1.0,0.0,12.0,0.0,12.0,1.0,2.0,0.0,0.0,0.0,1298163
308,Netherlands vs Pakistan,Netherlands,Logan van Beek,2.0,0.0,9.0,0.0,4.5,5.0,0.0,0.0,0.0,0.0,1298163
309,Netherlands vs Pakistan,Netherlands,Roelof van der Merwe,1.0,0.0,7.0,0.0,7.0,1.0,0.0,0.0,0.0,0.0,1298163
310,India vs South Africa,South Africa,Wayne Parnell,4.0,1.0,15.0,3.0,3.75,16.0,0.0,1.0,0.0,0.0,1298164
311,India vs South Africa,South Africa,Kagiso Rabada,4.0,0.0,26.0,0.0,6.5,13.0,2.0,1.0,1.0,0.0,1298164
312,India vs South Africa,South Africa,Lungi Ngidi,4.0,0.0,29.0,4.0,7.25,10.0,3.0,1.0,0.0,0.0,1298164
313,India vs South Africa,South Africa,Anrich Nortje,4.0,0.0,23.0,1.0,5.75,12.0,1.0,1.0,0.0,0.0,1298164
314,India vs South Africa,South Africa,Keshav Maharaj,3.0,0.0,28.0,0.0,9.33,5.0,3.0,1.0,0.0,0.0,1298164
315,India vs South Africa,South Africa,Aiden Markram,1.0,0.0,5.0,0.0,5.0,1.0,0.0,0.0,0.0,0.0,1298164
316,India vs South Africa,India,Bhuvneshwar Kumar,3.4,0.0,21.0,0.0,5.72,13.0,2.0,1.0,0.0,0.0,1298164
317,India vs South Africa,India,Arshdeep Singh,4.0,0.0,25.0,2.0,6.25,13.0,4.0,0.0,1.0,0.0,1298164
318,India vs South Africa,India,Mohammed Shami,4.0,0.0,13.0,1.0,3.25,15.0,1.0,0.0,0.0,0.0,1298164
319,India vs South Africa,India,Hardik Pandya,4.0,0.0,29.0,1.0,7.25,8.0,3.0,0.0,0.0,0.0,1298164
320,India vs South Africa,India,Ravichandran Ashwin,4.0,0.0,43.0,1.0,10.75,5.0,1.0,4.0,0.0,0.0,1298164
321,Australia vs Ireland,Ireland,Josh Little,4.0,0.0,21.0,2.0,5.25,13.0,2.0,0.0,2.0,0.0,1298165
322,Australia vs Ireland,Ireland,Mark Adair,4.0,0.0,59.0,0.0,14.75,6.0,7.0,2.0,6.0,0.0,1298165
323,Australia vs Ireland,Ireland,Barry McCarthy,4.0,0.0,29.0,3.0,7.25,7.0,2.0,0.0,1.0,0.0,1298165
324,Australia vs Ireland,Ireland,Gareth Delany,3.0,0.0,29.0,0.0,9.66,10.0,2.0,2.0,2.0,0.0,1298165
325,Australia vs Ireland,Ireland,Fionn Hand,1.0,0.0,15.0,0.0,15.0,2.0,0.0,2.0,1.0,0.0,1298165
326,Australia vs Ireland,Ireland,George Dockrell,4.0,0.0,24.0,0.0,6.0,8.0,0.0,1.0,0.0,0.0,1298165
327,Australia vs Ireland,Australia,Josh Hazlewood,3.0,0.0,24.0,0.0,8.0,8.0,1.0,2.0,1.0,0.0,1298165
328,Australia vs Ireland,Australia,Pat Cummins,4.0,0.0,28.0,2.0,7.0,14.0,3.0,1.0,1.0,0.0,1298165
329,Australia vs Ireland,Australia,Glenn Maxwell,2.1,0.0,14.0,2.0,6.46,6.0,2.0,0.0,0.0,0.0,1298165
330,Australia vs Ireland,Australia,Mitchell Starc,4.0,1.0,43.0,2.0,10.75,11.0,8.0,0.0,2.0,1.0,1298165
331,Australia vs Ireland,Australia,Adam Zampa,4.0,0.0,19.0,2.0,4.75,9.0,1.0,0.0,0.0,0.0,1298165
332,Australia vs Ireland,Australia,Marcus Stoinis,1.0,0.0,6.0,1.0,6.0,2.0,0.0,0.0,0.0,0.0,1298165
333,Afghanistan vs Sri Lanka,Sri Lanka,Kasun Rajitha,4.0,0.0,31.0,1.0,7.75,11.0,2.0,1.0,1.0,1.0,1298166
334,Afghanistan vs Sri Lanka,Sri Lanka,Pramod Madushan,3.0,0.0,24.0,0.0,8.0,7.0,2.0,1.0,0.0,0.0,1298166
335,Afghanistan vs Sri Lanka,Sri Lanka,Lahiru Kumara,4.0,0.0,30.0,2.0,7.5,12.0,2.0,1.0,4.0,0.0,1298166
336,Afghanistan vs Sri Lanka,Sri Lanka,Maheesh Theekshana,4.0,0.0,33.0,0.0,8.25,5.0,1.0,1.0,1.0,0.0,1298166
337,Afghanistan vs Sri Lanka,Sri Lanka,Wanindu Hasaranga de Silva,4.0,0.0,13.0,3.0,3.25,12.0,0.0,0.0,0.0,0.0,1298166
338,Afghanistan vs Sri Lanka,Sri Lanka,Dhananjaya de Silva,1.0,0.0,9.0,1.0,9.0,1.0,1.0,0.0,0.0,0.0,1298166
339,Afghanistan vs Sri Lanka,Afghanistan,Fazalhaq Farooqi,3.3,1.0,22.0,0.0,6.28,11.0,3.0,0.0,1.0,0.0,1298166
340,Afghanistan vs Sri Lanka,Afghanistan,Mujeeb Ur Rahman,4.0,0.0,24.0,2.0,6.0,12.0,3.0,0.0,0.0,0.0,1298166
341,Afghanistan vs Sri Lanka,Afghanistan,Fareed Ahmad,2.0,0.0,25.0,0.0,12.5,3.0,3.0,1.0,1.0,0.0,1298166
342,Afghanistan vs Sri Lanka,Afghanistan,Rashid Khan,4.0,0.0,31.0,2.0,7.75,10.0,2.0,1.0,1.0,0.0,1298166
343,Afghanistan vs Sri Lanka,Afghanistan,Azmatullah Omarzai,2.0,0.0,17.0,0.0,8.5,2.0,1.0,0.0,1.0,0.0,1298166
344,Afghanistan vs Sri Lanka,Afghanistan,Mohammad Nabi,2.0,0.0,16.0,0.0,8.0,2.0,0.0,1.0,0.0,0.0,1298166
345,Afghanistan vs Sri Lanka,Afghanistan,Gulbadin Naib,1.0,0.0,12.0,0.0,12.0,1.0,2.0,0.0,0.0,0.0,1298166
346,England vs New Zealand,New Zealand,Trent Boult,4.0,0.0,40.0,0.0,10.0,8.0,4.0,1.0,1.0,0.0,1298167
347,England vs New Zealand,New Zealand,Tim Southee,4.0,0.0,43.0,1.0,10.75,9.0,3.0,3.0,0.0,0.0,1298167
348,England vs New Zealand,New Zealand,Mitchell Santner,4.0,0.0,25.0,1.0,6.25,8.0,2.0,0.0,0.0,0.0,1298167
349,England vs New Zealand,New Zealand,Lockie Ferguson,4.0,0.0,45.0,2.0,11.25,6.0,4.0,2.0,0.0,1.0,1298167
350,England vs New Zealand,New Zealand,Ish Sodhi,4.0,0.0,23.0,1.0,5.75,10.0,2.0,0.0,0.0,0.0,1298167
351,England vs New Zealand,England,Moeen Ali,1.0,0.0,4.0,0.0,4.0,3.0,0.0,0.0,0.0,0.0,1298167
352,England vs New Zealand,England,Chris Woakes,4.0,0.0,33.0,2.0,8.25,9.0,1.0,2.0,1.0,0.0,1298167
353,England vs New Zealand,England,Adil Rashid,4.0,0.0,33.0,0.0,8.25,6.0,0.0,2.0,0.0,0.0,1298167
354,England vs New Zealand,England,Sam Curran,4.0,0.0,26.0,2.0,6.5,9.0,0.0,0.0,2.0,0.0,1298167
355,England vs New Zealand,England,Mark Wood,3.0,0.0,25.0,1.0,8.33,8.0,2.0,1.0,1.0,0.0,1298167
356,England vs New Zealand,England,Liam Livingstone,3.0,0.0,26.0,0.0,8.66,4.0,3.0,0.0,0.0,0.0,1298167
357,England vs New Zealand,England,Ben Stokes,1.0,0.0,10.0,1.0,10.0,2.0,2.0,0.0,0.0,0.0,1298167
358,Zimbabwe vs Netherlands,Netherlands,Fred Klaassen,4.0,0.0,17.0,1.0,4.25,17.0,0.0,1.0,2.0,0.0,1298168
359,Zimbabwe vs Netherlands,Netherlands,Paul van Meekeren,4.0,0.0,29.0,3.0,7.25,13.0,3.0,0.0,2.0,0.0,1298168
360,Zimbabwe vs Netherlands,Netherlands,Brandon Glover,4.0,1.0,29.0,2.0,7.25,15.0,2.0,2.0,2.0,0.0,1298168
361,Zimbabwe vs Netherlands,Netherlands,Logan van Beek,2.2,0.0,17.0,2.0,7.28,8.0,1.0,1.0,1.0,0.0,1298168
362,Zimbabwe vs Netherlands,Netherlands,Bas de Leede,4.0,0.0,14.0,2.0,3.5,11.0,0.0,0.0,0.0,0.0,1298168
363,Zimbabwe vs Netherlands,Netherlands,Roelof van der Merwe,1.0,0.0,8.0,0.0,8.0,2.0,1.0,0.0,0.0,0.0,1298168
364,Zimbabwe vs Netherlands,Zimbabwe,Tendai Chatara,4.0,0.0,22.0,0.0,5.5,14.0,4.0,0.0,0.0,0.0,1298168
365,Zimbabwe vs Netherlands,Zimbabwe,Richard Ngarava,4.0,0.0,18.0,2.0,4.5,15.0,1.0,1.0,0.0,0.0,1298168
366,Zimbabwe vs Netherlands,Zimbabwe,Blessing Muzarabani,4.0,0.0,23.0,2.0,5.75,14.0,2.0,1.0,1.0,0.0,1298168
367,Zimbabwe vs Netherlands,Zimbabwe,Sean Williams,3.0,0.0,21.0,0.0,7.0,8.0,2.0,1.0,0.0,0.0,1298168
368,Zimbabwe vs Netherlands,Zimbabwe,Sikandar Raza,1.0,0.0,6.0,0.0,6.0,0.0,0.0,0.0,0.0,0.0,1298168
369,Zimbabwe vs Netherlands,Zimbabwe,Luke Jongwe,2.0,0.0,25.0,1.0,12.5,3.0,4.0,0.0,3.0,1.0,1298168
370,India vs Bangladesh,Bangladesh,Taskin Ahmed,4.0,0.0,15.0,0.0,3.75,16.0,2.0,0.0,0.0,0.0,1298169
371,India vs Bangladesh,Bangladesh,Shoriful Islam,4.0,0.0,57.0,0.0,14.25,7.0,4.0,4.0,2.0,2.0,1298169
372,India vs Bangladesh,Bangladesh,Hasan Mahmud,4.0,0.0,47.0,3.0,11.75,7.0,6.0,2.0,0.0,1.0,1298169
373,India vs Bangladesh,Bangladesh,Mustafizur Rahman,4.0,0.0,31.0,0.0,7.75,9.0,4.0,0.0,0.0,0.0,1298169
374,India vs Bangladesh,Bangladesh,Shakib Al Hasan,4.0,0.0,33.0,2.0,8.25,3.0,2.0,0.0,0.0,0.0,1298169
375,India vs Bangladesh,India,Bhuvneshwar Kumar,3.0,0.0,27.0,0.0,9.0,7.0,2.0,2.0,0.0,0.0,1298169
376,India vs Bangladesh,India,Arshdeep Singh,4.0,0.0,38.0,2.0,9.5,10.0,5.0,1.0,0.0,0.0,1298169
377,India vs Bangladesh,India,Mohammed Shami,3.0,0.0,25.0,1.0,8.33,7.0,2.0,1.0,0.0,0.0,1298169
378,India vs Bangladesh,India,Axar Patel,1.0,0.0,6.0,0.0,6.0,2.0,0.0,0.0,0.0,0.0,1298169
379,India vs Bangladesh,India,Ravichandran Ashwin,2.0,0.0,19.0,0.0,9.5,4.0,3.0,0.0,1.0,0.0,1298169
380,India vs Bangladesh,India,Hardik Pandya,3.0,0.0,28.0,2.0,9.33,8.0,1.0,3.0,0.0,0.0,1298169
381,Pakistan vs South Africa,South Africa,Wayne Parnell,4.0,0.0,31.0,1.0,7.75,10.0,3.0,1.0,0.0,0.0,1298170
382,Pakistan vs South Africa,South Africa,Kagiso Rabada,4.0,0.0,44.0,1.0,11.0,7.0,4.0,2.0,0.0,0.0,1298170
383,Pakistan vs South Africa,South Africa,Lungi Ngidi,4.0,0.0,32.0,1.0,8.0,11.0,3.0,1.0,2.0,0.0,1298170
384,Pakistan vs South Africa,South Africa,Anrich Nortje,4.0,0.0,41.0,4.0,10.25,11.0,1.0,4.0,0.0,1.0,1298170
385,Pakistan vs South Africa,South Africa,Tabraiz Shamsi,4.0,0.0,36.0,1.0,9.0,8.0,2.0,2.0,2.0,0.0,1298170
386,Pakistan vs South Africa,Pakistan,Shaheen Shah Afridi,3.0,0.0,14.0,3.0,4.66,11.0,2.0,0.0,0.0,0.0,1298170
387,Pakistan vs South Africa,Pakistan,Naseem Shah,3.0,0.0,19.0,1.0,6.33,10.0,1.0,1.0,1.0,0.0,1298170
388,Pakistan vs South Africa,Pakistan,Haris Rauf,3.0,0.0,44.0,1.0,14.66,2.0,7.0,1.0,1.0,0.0,1298170
389,Pakistan vs South Africa,Pakistan,Mohammad Wasim,2.0,0.0,13.0,1.0,6.5,3.0,1.0,0.0,0.0,0.0,1298170
390,Pakistan vs South Africa,Pakistan,Shadab Khan,2.0,0.0,16.0,2.0,8.0,5.0,1.0,1.0,0.0,0.0,1298170
391,Pakistan vs South Africa,Pakistan,Mohammad Nawaz,1.0,0.0,2.0,0.0,2.0,4.0,0.0,0.0,0.0,0.0,1298170
392,New Zealand vs Ireland,Ireland,Josh Little,4.0,0.0,22.0,3.0,5.5,10.0,2.0,0.0,1.0,0.0,1298171
393,New Zealand vs Ireland,Ireland,Mark Adair,4.0,0.0,39.0,1.0,9.75,9.0,3.0,1.0,3.0,0.0,1298171
394,New Zealand vs Ireland,Ireland,Barry McCarthy,4.0,0.0,46.0,0.0,11.5,4.0,4.0,2.0,0.0,0.0,1298171
395,New Zealand vs Ireland,Ireland,Gareth Delany,4.0,0.0,30.0,2.0,7.5,11.0,3.0,1.0,1.0,0.0,1298171
396,New Zealand vs Ireland,Ireland,Fionn Hand,2.0,0.0,22.0,0.0,11.0,2.0,2.0,1.0,0.0,0.0,1298171
397,New Zealand vs Ireland,Ireland,George Dockrell,2.0,0.0,18.0,0.0,9.0,4.0,2.0,0.0,2.0,0.0,1298171
398,New Zealand vs Ireland,New Zealand,Trent Boult,4.0,0.0,38.0,0.0,9.5,8.0,4.0,1.0,0.0,0.0,1298171
399,New Zealand vs Ireland,New Zealand,Tim Southee,4.0,0.0,29.0,2.0,7.25,8.0,2.0,1.0,0.0,0.0,1298171
400,New Zealand vs Ireland,New Zealand,Lockie Ferguson,4.0,0.0,22.0,3.0,5.5,10.0,1.0,0.0,0.0,0.0,1298171
401,New Zealand vs Ireland,New Zealand,Mitchell Santner,4.0,0.0,26.0,2.0,6.5,12.0,3.0,1.0,0.0,0.0,1298171
402,New Zealand vs Ireland,New Zealand,Ish Sodhi,4.0,0.0,31.0,2.0,7.75,10.0,0.0,2.0,1.0,0.0,1298171
403,Australia vs Afghanistan,Afghanistan,Fazalhaq Farooqi,4.0,0.0,29.0,2.0,7.25,13.0,4.0,1.0,0.0,0.0,1298172
404,Australia vs Afghanistan,Afghanistan,Mujeeb Ur Rahman,4.0,0.0,42.0,1.0,10.5,5.0,4.0,1.0,1.0,0.0,1298172
405,Australia vs Afghanistan,Afghanistan,Naveen-ul-Haq,4.0,0.0,21.0,3.0,5.25,11.0,2.0,0.0,0.0,0.0,1298172
406,Australia vs Afghanistan,Afghanistan,Gulbadin Naib,3.0,0.0,31.0,0.0,10.33,6.0,3.0,2.0,0.0,0.0,1298172
407,Australia vs Afghanistan,Afghanistan,Rashid Khan,4.0,0.0,29.0,1.0,7.25,9.0,2.0,1.0,1.0,0.0,1298172
408,Australia vs Afghanistan,Afghanistan,Mohammad Nabi,1.0,0.0,14.0,0.0,14.0,1.0,1.0,1.0,0.0,0.0,1298172
409,Australia vs Afghanistan,Australia,Josh Hazlewood,4.0,0.0,33.0,2.0,8.25,13.0,2.0,3.0,0.0,0.0,1298172
410,Australia vs Afghanistan,Australia,Pat Cummins,4.0,0.0,22.0,0.0,5.5,12.0,2.0,0.0,0.0,0.0,1298172
411,Australia vs Afghanistan,Australia,Marcus Stoinis,2.0,0.0,26.0,0.0,13.0,2.0,2.0,1.0,2.0,0.0,1298172
412,Australia vs Afghanistan,Australia,Kane Richardson,4.0,0.0,48.0,1.0,12.0,4.0,3.0,3.0,1.0,0.0,1298172
413,Australia vs Afghanistan,Australia,Adam Zampa,4.0,0.0,22.0,2.0,5.5,11.0,1.0,0.0,0.0,0.0,1298172
414,Australia vs Afghanistan,Australia,Cameron Green,2.0,0.0,13.0,0.0,6.5,7.0,1.0,1.0,0.0,0.0,1298172
415,Sri Lanka vs England,England,Ben Stokes,3.0,0.0,24.0,1.0,8.0,8.0,1.0,2.0,0.0,0.0,1298173
416,Sri Lanka vs England,England,Chris Woakes,3.0,0.0,24.0,1.0,8.0,5.0,3.0,0.0,1.0,0.0,1298173
417,Sri Lanka vs England,England,Mark Wood,3.0,0.0,26.0,3.0,8.66,8.0,1.0,2.0,1.0,0.0,1298173
418,Sri Lanka vs England,England,Sam Curran,4.0,0.0,27.0,1.0,6.75,10.0,2.0,1.0,0.0,0.0,1298173
419,Sri Lanka vs England,England,Adil Rashid,4.0,0.0,16.0,1.0,4.0,11.0,0.0,0.0,0.0,0.0,1298173
420,Sri Lanka vs England,England,Liam Livingstone,2.0,0.0,16.0,0.0,8.0,2.0,0.0,1.0,0.0,0.0,1298173
421,Sri Lanka vs England,England,Moeen Ali,1.0,0.0,5.0,0.0,5.0,1.0,0.0,0.0,0.0,0.0,1298173
422,Sri Lanka vs England,Sri Lanka,Maheesh Theekshana,4.0,0.0,22.0,0.0,5.5,11.0,1.0,0.0,1.0,0.0,1298173
423,Sri Lanka vs England,Sri Lanka,Kasun Rajitha,3.0,0.0,40.0,0.0,13.33,4.0,5.0,1.0,2.0,0.0,1298173
424,Sri Lanka vs England,Sri Lanka,Lahiru Kumara,3.4,0.0,24.0,2.0,6.54,11.0,3.0,0.0,0.0,1.0,1298173
425,Sri Lanka vs England,Sri Lanka,Wanindu Hasaranga de Silva,4.0,0.0,23.0,2.0,5.75,11.0,1.0,1.0,0.0,0.0,1298173
426,Sri Lanka vs England,Sri Lanka,Dhananjaya de Silva,4.0,0.0,24.0,2.0,6.0,7.0,1.0,0.0,0.0,0.0,1298173
427,Sri Lanka vs England,Sri Lanka,Charith Asalanka,1.0,0.0,8.0,0.0,8.0,1.0,1.0,0.0,0.0,0.0,1298173
428,Netherlands vs South Africa,South Africa,Wayne Parnell,4.0,0.0,32.0,0.0,8.0,10.0,2.0,2.0,1.0,0.0,1298174
429,Netherlands vs South Africa,South Africa,Kagiso Rabada,3.0,0.0,37.0,0.0,12.33,6.0,7.0,0.0,0.0,0.0,1298174
430,Netherlands vs South Africa,South Africa,Lungi Ngidi,3.0,0.0,35.0,0.0,11.66,3.0,5.0,0.0,0.0,0.0,1298174
431,Netherlands vs South Africa,South Africa,Anrich Nortje,4.0,0.0,10.0,1.0,2.5,14.0,0.0,0.0,0.0,0.0,1298174
432,Netherlands vs South Africa,South Africa,Keshav Maharaj,4.0,0.0,27.0,2.0,6.75,12.0,1.0,2.0,0.0,0.0,1298174
433,Netherlands vs South Africa,South Africa,Aiden Markram,2.0,0.0,16.0,1.0,8.0,3.0,0.0,1.0,1.0,0.0,1298174
434,Netherlands vs South Africa,Netherlands,Fred Klaassen,4.0,0.0,20.0,2.0,5.0,15.0,3.0,0.0,0.0,0.0,1298174
435,Netherlands vs South Africa,Netherlands,Paul van Meekeren,3.0,0.0,33.0,1.0,11.0,5.0,1.0,2.0,1.0,1.0,1298174
436,Netherlands vs South Africa,Netherlands,Colin Ackermann,3.0,0.0,16.0,0.0,5.33,6.0,1.0,0.0,0.0,0.0,1298174
437,Netherlands vs South Africa,Netherlands,Roelof van der Merwe,2.0,0.0,19.0,0.0,9.5,2.0,2.0,0.0,0.0,0.0,1298174
438,Netherlands vs South Africa,Netherlands,Brandon Glover,2.0,0.0,9.0,3.0,4.5,5.0,0.0,0.0,1.0,0.0,1298174
439,Netherlands vs South Africa,Netherlands,Logan van Beek,3.0,0.0,23.0,0.0,7.66,4.0,1.0,1.0,0.0,0.0,1298174
440,Netherlands vs South Africa,Netherlands,Bas de Leede,3.0,0.0,25.0,2.0,8.33,4.0,1.0,0.0,1.0,2.0,1298174
441,Bangladesh vs Pakistan,Pakistan,Shaheen Shah Afridi,4.0,0.0,22.0,4.0,5.5,13.0,2.0,1.0,0.0,0.0,1298175
442,Bangladesh vs Pakistan,Pakistan,Naseem Shah,3.0,0.0,15.0,0.0,5.0,9.0,2.0,0.0,0.0,0.0,1298175
443,Bangladesh vs Pakistan,Pakistan,Mohammad Wasim,2.0,0.0,19.0,0.0,9.5,5.0,1.0,1.0,1.0,0.0,1298175
444,Bangladesh vs Pakistan,Pakistan,Haris Rauf,4.0,0.0,21.0,1.0,5.25,11.0,2.0,0.0,0.0,0.0,1298175
445,Bangladesh vs Pakistan,Pakistan,Shadab Khan,4.0,0.0,30.0,2.0,7.5,8.0,3.0,0.0,0.0,0.0,1298175
446,Bangladesh vs Pakistan,Pakistan,Iftikhar Ahmed,3.0,0.0,15.0,1.0,5.0,9.0,2.0,0.0,0.0,0.0,1298175
447,Bangladesh vs Pakistan,Bangladesh,Taskin Ahmed,3.0,0.0,26.0,0.0,8.66,10.0,1.0,2.0,0.0,1.0,1298175
448,Bangladesh vs Pakistan,Bangladesh,Nasum Ahmed,4.0,0.0,14.0,1.0,3.5,13.0,0.0,0.0,2.0,0.0,1298175
449,Bangladesh vs Pakistan,Bangladesh,Shakib Al Hasan,4.0,0.0,35.0,1.0,8.75,6.0,5.0,0.0,0.0,0.0,1298175
450,Bangladesh vs Pakistan,Bangladesh,Mustafizur Rahman,4.0,0.0,21.0,1.0,5.25,8.0,0.0,0.0,0.0,0.0,1298175
451,Bangladesh vs Pakistan,Bangladesh,Ebadot Hossain,3.1,0.0,25.0,1.0,7.89,7.0,1.0,1.0,0.0,1.0,1298175
452,India vs Zimbabwe,Zimbabwe,Richard Ngarava,4.0,1.0,44.0,1.0,11.0,12.0,2.0,4.0,1.0,1.0,1298176
453,India vs Zimbabwe,Zimbabwe,Tendai Chatara,4.0,0.0,34.0,0.0,8.5,5.0,3.0,1.0,0.0,0.0,1298176
454,India vs Zimbabwe,Zimbabwe,Blessing Muzarabani,4.0,0.0,50.0,1.0,12.5,5.0,8.0,0.0,1.0,0.0,1298176
455,India vs Zimbabwe,Zimbabwe,Wellington Masakadza,2.0,0.0,12.0,0.0,6.0,5.0,1.0,0.0,1.0,0.0,1298176
456,India vs Zimbabwe,Zimbabwe,Ryan Burl,1.0,0.0,14.0,0.0,14.0,1.0,1.0,1.0,0.0,0.0,1298176
457,India vs Zimbabwe,Zimbabwe,Sikandar Raza,3.0,0.0,18.0,1.0,6.0,5.0,0.0,1.0,0.0,0.0,1298176
458,India vs Zimbabwe,Zimbabwe,Sean Williams,2.0,0.0,9.0,2.0,4.5,6.0,0.0,0.0,2.0,0.0,1298176
459,India vs Zimbabwe,India,Bhuvneshwar Kumar,3.0,1.0,11.0,1.0,3.66,14.0,1.0,0.0,1.0,0.0,1298176
460,India vs Zimbabwe,India,Arshdeep Singh,2.0,0.0,9.0,1.0,4.5,9.0,1.0,0.0,2.0,0.0,1298176
461,India vs Zimbabwe,India,Mohammed Shami,2.0,0.0,14.0,2.0,7.0,7.0,1.0,1.0,0.0,0.0,1298176
462,India vs Zimbabwe,India,Hardik Pandya,3.0,0.0,16.0,2.0,5.33,10.0,1.0,0.0,2.0,1.0,1298176
463,India vs Zimbabwe,India,Ravichandran Ashwin,4.0,0.0,22.0,3.0,5.5,13.0,3.0,0.0,1.0,0.0,1298176
464,India vs Zimbabwe,India,Axar Patel,3.2,0.0,40.0,1.0,12.0,4.0,5.0,1.0,0.0,0.0,1298176
465,New Zealand vs Pakistan,Pakistan,Shaheen Shah Afridi,4.0,0.0,24.0,2.0,6.0,11.0,2.0,0.0,0.0,0.0,1298177
466,New Zealand vs Pakistan,Pakistan,Naseem Shah,4.0,0.0,30.0,0.0,7.5,8.0,3.0,0.0,0.0,0.0,1298177
467,New Zealand vs Pakistan,Pakistan,Haris Rauf,4.0,0.0,32.0,0.0,8.0,6.0,2.0,0.0,0.0,0.0,1298177
468,New Zealand vs Pakistan,Pakistan,Mohammad Wasim,2.0,0.0,15.0,0.0,7.5,3.0,0.0,1.0,0.0,0.0,1298177
469,New Zealand vs Pakistan,Pakistan,Shadab Khan,4.0,0.0,33.0,0.0,8.25,7.0,3.0,1.0,0.0,0.0,1298177
470,New Zealand vs Pakistan,Pakistan,Mohammad Nawaz,2.0,0.0,12.0,1.0,6.0,2.0,0.0,0.0,0.0,0.0,1298177
471,New Zealand vs Pakistan,New Zealand,Trent Boult,4.0,0.0,33.0,2.0,8.25,9.0,5.0,0.0,0.0,0.0,1298177
472,New Zealand vs Pakistan,New Zealand,Tim Southee,3.1,0.0,24.0,0.0,7.57,7.0,3.0,0.0,2.0,0.0,1298177
473,New Zealand vs Pakistan,New Zealand,Lockie Ferguson,4.0,0.0,37.0,0.0,9.25,7.0,4.0,1.0,1.0,0.0,1298177
474,New Zealand vs Pakistan,New Zealand,Mitchell Santner,4.0,0.0,26.0,1.0,6.5,6.0,1.0,0.0,0.0,0.0,1298177
475,New Zealand vs Pakistan,New Zealand,Ish Sodhi,4.0,0.0,26.0,0.0,6.5,4.0,1.0,0.0,0.0,0.0,1298177
476,India vs England,England,Ben Stokes,2.0,0.0,18.0,0.0,9.0,5.0,2.0,1.0,0.0,0.0,1298178
477,India vs England,England,Chris Woakes,3.0,0.0,24.0,1.0,8.0,5.0,1.0,1.0,2.0,0.0,1298178
478,India vs England,England,Sam Curran,4.0,0.0,42.0,0.0,10.5,9.0,5.0,2.0,0.0,0.0,1298178
479,India vs England,England,Adil Rashid,4.0,0.0,20.0,1.0,5.0,8.0,1.0,0.0,0.0,0.0,1298178
480,India vs England,England,Liam Livingstone,3.0,0.0,21.0,0.0,7.0,7.0,3.0,0.0,0.0,0.0,1298178
481,India vs England,England,Chris Jordan,4.0,0.0,43.0,3.0,10.75,8.0,3.0,3.0,1.0,0.0,1298178
482,India vs England,India,Bhuvneshwar Kumar,2.0,0.0,25.0,0.0,12.5,4.0,3.0,1.0,1.0,0.0,1298178
483,India vs England,India,Arshdeep Singh,2.0,0.0,15.0,0.0,7.5,4.0,2.0,0.0,1.0,0.0,1298178
484,India vs England,India,Axar Patel,4.0,0.0,30.0,0.0,7.5,10.0,2.0,2.0,0.0,0.0,1298178
485,India vs England,India,Mohammed Shami,3.0,0.0,39.0,0.0,13.0,7.0,4.0,3.0,0.0,0.0,1298178
486,India vs England,India,Ravichandran Ashwin,2.0,0.0,27.0,0.0,13.5,1.0,1.0,2.0,1.0,0.0,1298178
487,India vs England,India,Hardik Pandya,3.0,0.0,34.0,0.0,11.33,5.0,1.0,2.0,0.0,0.0,1298178
488,Pakistan vs England,England,Ben Stokes,4.0,0.0,32.0,1.0,8.0,6.0,1.0,0.0,2.0,1.0,1298179
489,Pakistan vs England,England,Chris Woakes,3.0,0.0,26.0,0.0,8.66,7.0,2.0,1.0,2.0,0.0,1298179
490,Pakistan vs England,England,Sam Curran,4.0,0.0,12.0,3.0,3.0,15.0,0.0,0.0,0.0,0.0,1298179
491,Pakistan vs England,England,Adil Rashid,4.0,1.0,22.0,2.0,5.5,10.0,1.0,0.0,1.0,0.0,1298179
492,Pakistan vs England,England,Chris Jordan,4.0,0.0,27.0,2.0,6.75,9.0,3.0,0.0,0.0,0.0,1298179
493,Pakistan vs England,England,Liam Livingstone,1.0,0.0,16.0,0.0,16.0,1.0,1.0,1.0,1.0,0.0,1298179
494,Pakistan vs England,Pakistan,Shaheen Shah Afridi,2.1,0.0,13.0,1.0,6.0,6.0,1.0,0.0,0.0,0.0,1298179
495,Pakistan vs England,Pakistan,Naseem Shah,4.0,0.0,30.0,0.0,7.5,15.0,3.0,1.0,1.0,0.0,1298179
496,Pakistan vs England,Pakistan,Haris Rauf,4.0,0.0,23.0,2.0,5.75,13.0,3.0,0.0,1.0,0.0,1298179
497,Pakistan vs England,Pakistan,Shadab Khan,4.0,0.0,20.0,1.0,5.0,10.0,1.0,0.0,0.0,0.0,1298179
498,Pakistan vs England,Pakistan,Mohammad Wasim,4.0,0.0,38.0,1.0,9.5,5.0,5.0,0.0,2.0,0.0,1298179
499,Pakistan vs England,Pakistan,Iftikhar Ahmed,0.5,0.0,13.0,0.0,15.6,0.0,1.0,1.0,0.0,0.0,1298179
